Date,Predicted_Price,Confidence,Upper_Bound,Lower_Bound
2025-04-11,4755.142060480261,0.85,4884.857332833303,4625.426788127218
2025-04-12,4760.394182714154,0.85,4890.25272743579,4630.535637992519
2025-04-13,4759.316362531899,0.85,4889.145505452976,4629.487219610823
2025-04-14,4756.3420318809685,0.85,4886.090038191289,4626.594025570648
2025-04-15,4752.800690146385,0.85,4882.452092380159,4623.149287912611
2025-04-16,4749.0908054360125,0.85,4878.641005918192,4619.540604953833
2025-04-17,4745.331736587792,0.85,4874.7793936268445,4615.8840795487395
2025-04-18,4741.559216288445,0.85,4870.903962942936,4612.214469633954
2025-04-19,4737.783935301766,0.85,4867.02569626305,4608.542174340482
2025-04-20,4734.009089751192,0.85,4863.147876897508,4604.870302604876
