Date,Open,High,Low,Close,Volume,MA_Short,MA_Long,Signal,RSI,Daily_Return,Trend_Strength,Signal_Action
2025-01-01,5080.486766954302,5075.965928186957,4956.463012562232,5042.432601805652,2798792,,,0,,,,HOLD
2025-01-02,5012.635057234439,5054.94832622499,5001.929187070877,5037.020115038685,2954109,,,0,,-0.001073388024071753,,HOLD
2025-01-03,5107.574127771941,5114.722074438558,5026.589806665523,5091.283644632422,2838756,,,0,,0.010772942802377505,,HOLD
2025-01-04,5247.227484242088,5215.953989147522,5153.294606556757,5214.146622963921,1228576,,,0,,0.024132023848451256,,HOLD
2025-01-05,5206.805618934558,5268.079082537134,5190.705820235531,5201.063560340334,4112754,,,0,,-0.002509147434781922,,HOLD
2025-01-06,5191.091155354174,5232.491687509542,5162.531959317729,5188.014602684393,4683561,,,0,,-0.0025089017860584484,,HOLD
2025-01-07,5290.23646423062,5322.236396487996,5233.13922354398,5317.69146160083,4011243,,,0,,0.024995469143309412,,HOLD
2025-01-08,5340.821904649735,5415.883444246608,5262.387216747432,5384.641821722042,3262990,,,0,,0.012590117460680395,,HOLD
2025-01-09,5394.724889262173,5373.245887748949,5341.987522882771,5352.205283692499,2384250,,,0,,-0.006023898915372916,,HOLD
2025-01-10,5444.595926318334,5410.262126746933,5330.916668133225,5401.34004458372,1061087,5222.98397590645,,0,,0.009180283320022964,,HOLD
2025-01-11,5383.583906509448,5479.918497445419,5309.485318640087,5369.290698180415,2013343,5255.669785543925,,0,,-0.005933591689981088,43.641452177467826,HOLD
2025-01-12,5320.063662317644,5370.793731455295,5238.086739961489,5337.246415732947,3082263,5285.692415613352,,0,,-0.005968066221172963,39.585060573570466,HOLD
2025-01-13,5345.841325739889,5418.290538442718,5358.435848122207,5362.012127532743,4738856,5312.765263903384,,0,,0.004640166458642847,29.458050247167748,HOLD
2025-01-14,5239.096348789629,5255.7318164665285,5178.818727941428,5215.526790855754,3215603,5312.903280692568,,0,61.98357679699622,-0.027319098352056814,20.660358892526926,HOLD
2025-01-15,5127.802281895722,5234.3738623404215,5033.516038783551,5087.39712996051,2496176,5301.536637654584,,0,52.643902642227125,-0.024566964380259848,8.781866118207226,HOLD
2025-01-16,5088.809598330778,5168.051808691928,4980.406614330432,5049.716067607492,2886013,5287.706784146894,,0,50.71922578339536,-0.0074067467882756866,-10.974450733084298,HOLD
2025-01-17,5006.421826961416,5071.326462871401,4896.191385535028,4978.554314832504,1439792,5253.793069470063,,0,43.73385255063664,-0.014092228517850747,-32.27825385487759,HOLD
2025-01-18,5021.305032763361,5073.614150276174,5005.949236250626,5007.0817514914925,1039353,5216.037062447007,,0,37.14162520624217,0.00573006436306156,-47.142137320552,HOLD
2025-01-19,4903.165014473534,4969.75781262608,4936.1677699613965,4944.287647153934,3290227,5175.245298793151,,0,34.98186529336988,-0.012541058335796773,-51.875868151069525,HOLD
2025-01-20,4812.698355150471,4891.137948608743,4755.358340354411,4845.489847763052,4360011,5119.6602791110845,,0,31.79289784761893,-0.019982211077009704,-57.62068211432573,HOLD
2025-01-21,4997.673769319844,5034.905095714703,4881.94136492056,4958.151924978766,4460605,5078.54640179092,,0,30.536397701918602,0.023250915955943086,-60.53436002689941,HOLD
2025-01-22,4956.861359425033,4952.692176135776,4843.942005329732,4946.332688688621,1065318,5039.455029086486,,0,24.76599706765812,-0.002383798735694498,-52.70187867797918,HOLD
2025-01-23,4907.647977295577,4959.050111874051,4946.501901307141,4956.299303520342,1765313,4998.883746685247,,0,26.601831959430754,0.0020149503599935503,-42.66686816015163,HOLD
2025-01-24,4817.646965206887,4913.132093885294,4832.294690320231,4856.354877539706,2531266,4962.9665553536415,,0,19.615988143943554,-0.020165131252192103,-25.698828446130015,HOLD
2025-01-25,4837.446945130651,4834.78612710307,4812.887904804009,4821.67988131729,1416880,4936.394830489319,,0,19.558725974658188,-0.007140128161305714,-19.03026078815638,HOLD
2025-01-26,4786.685178987428,4939.030204333013,4812.698506783033,4834.541182097379,3688612,4914.877341938309,,0,21.446012714293104,0.002667390016894977,-18.441435004226495,HOLD
2025-01-27,4724.276236803977,4764.427974257962,4672.29889782326,4756.543864441941,3838128,4892.6762968992525,,0,17.570099725418785,-0.016133344348015277,-16.44233941166641,HOLD
2025-01-28,4792.877668952822,4796.932589845199,4727.359112694627,4788.210715903389,3878391,4870.789193340442,,0,23.902278379290465,0.006657533781655456,-20.83357938518833,HOLD
2025-01-29,4768.242429281501,4788.856373086139,4702.8596076884205,4750.012338148068,4238992,4851.3616624398555,,0,26.85192184052309,-0.00797758912916069,-18.90467167881355,HOLD
2025-01-30,4748.393856454965,4786.659054803107,4706.128861426208,4734.006145727011,1770746,4840.213292236251,5060.952515751263,0,27.675043921975913,-0.0033697159673689026,-20.592603222952675,HOLD
2025-01-31,4670.2674259113255,4764.042470566945,4651.75755786383,4696.164962068893,1813168,4814.014595945264,5049.410261093369,0,29.043707938754977,-0.007993480044861001,-27.385267537258397,HOLD
2025-02-01,4853.814975820263,4918.680261342087,4816.671255644419,4833.304440366413,1225281,4802.711771113043,5042.619738604294,0,38.89417278065345,0.029202440588267375,-27.37987366658279,SELL
2025-02-02,4811.741371473777,4879.596969959423,4829.576131216415,4837.160739438017,4117697,4790.797914704811,5034.1489750978135,0,42.59592571583384,0.0007978597498221607,-17.506494151629692,SELL
2025-02-03,4749.142822109927,4868.313734010983,4720.144171456745,4765.78497200232,4782875,4781.740924151071,5019.2035867324275,0,44.27415826464993,-0.01475571544558385,-5.388290688569081,SELL
2025-02-04,4853.587637435987,4869.711799738803,4802.264706628861,4829.777663780927,3995765,4782.550702397436,5006.827390180447,0,40.08449070738785,0.01342752393457669,-2.3821688288027474,SELL
2025-02-05,4761.086832831791,4858.134442266405,4676.460856731794,4746.881041398657,4539798,4773.784688327563,4992.12293813759,0,36.11869315292438,-0.017163651859985474,2.900614113603758,SELL
2025-02-06,4799.83202846188,4777.538661335432,4720.131937801823,4766.540279409217,2400804,4774.784329824291,4973.7512320645355,0,36.969082247535475,0.004141506357354885,4.421028220939405,SELL
2025-02-07,4647.702360566142,4669.232084944938,4607.414038616448,4633.097642172288,2480415,4759.2730224511815,4948.699759412877,0,35.343053403857326,-0.027995701161570463,2.8764903845333714,SELL
2025-02-08,4552.461749729771,4558.1896089290685,4420.057719005273,4546.250788893729,1269536,4738.896867525747,4921.834609586252,0,33.07719421341753,-0.01874487869369401,-3.956781991211694,SELL
2025-02-09,4527.165855378522,4672.521756382309,4522.894795881122,4564.257313631595,3414976,4721.921984316205,4893.931851887847,0,33.497662984542515,0.003960741625133268,-16.19355550243176,SELL
2025-02-10,4607.491741412165,4641.914443571619,4616.569968991242,4619.714044662028,2306002,4714.276892575518,4868.945963437234,0,41.40932195408558,0.012150220116820654,-26.045397471119102,SELL
2025-02-11,4614.466772513756,4656.294308345969,4526.824633273382,4636.2383281600605,1177789,4694.570281354883,4845.579027184805,0,40.27367855000116,0.003576906132778168,-33.337510814198275,SELL
2025-02-12,4609.112156847848,4669.661581615213,4554.055991422195,4632.833222557291,2561729,4674.13752966681,4821.273063685623,0,42.150902467772404,-0.0007344543920633217,-29.65898992958798,SELL
2025-02-13,4660.243948159993,4634.8002008614285,4509.646400171434,4616.570219349827,3839604,4659.216054401562,4801.307844635425,0,42.136405730993665,-0.0035103795941281435,-23.520435325126346,SELL
2025-02-14,4510.165677317236,4587.398988801998,4502.244065711198,4519.829277995947,1837291,4628.221215823064,4782.388916236607,0,39.05571424820537,-0.02095515431529693,-20.550640944291608,SELL
2025-02-15,4510.855884762666,4511.576470374564,4409.685666156891,4475.76174528204,3222809,4601.109286211402,4763.257105492425,0,24.910489955501035,-0.009749822394496954,-16.782782062337255,HOLD
2025-02-16,4461.0596037913165,4540.29391138328,4406.9938790461665,4449.389866319411,2283743,4569.394244902422,4745.618290541988,0,23.622816631301745,-0.0058921543333774196,-17.18809814438415,HOLD
2025-02-17,4551.708799723222,4607.5314120416315,4466.926558100264,4525.028210417702,1681669,4558.587301726963,4729.549839172862,0,33.71752147485162,0.016999711504458448,-14.434969985911042,SELL
2025-02-18,4553.20247614381,4569.880599476205,4537.378645136974,4552.962344431676,4626399,4559.258457280757,4716.505662415453,0,30.31896112822882,0.006173250798671814,-12.608042351935039,SELL
2025-02-19,4445.3978923739905,4440.095018807853,4400.618670630205,4438.5710252932895,4864822,4546.689828446927,4702.941701666462,0,29.019351191283405,-0.025124591526281326,-13.737292393287513,HOLD
2025-02-20,4463.994913864977,4489.598573880641,4396.237589693563,4464.6630333812045,2119043,4531.184727318845,4686.492071946543,0,29.63539775856738,0.005878470331831753,-19.986986138911657,HOLD
2025-02-21,4416.306518194282,4569.937200325844,4385.175361917169,4443.389600971106,4329462,4511.899854599949,4669.727302355959,0,34.92015943942248,-0.0047648461375566775,-19.592893879671834,SELL
2025-02-22,4422.489856317698,4442.746339977269,4340.701091112276,4402.901162778748,4768522,4488.9066486220945,4651.280697664572,0,37.698556470006544,-0.0091120612479062,-17.378145563770417,SELL
2025-02-23,4428.427832845173,4510.634184076711,4409.56766733906,4447.930016636687,3206903,4472.042628350781,4637.666535634472,0,40.45990855650967,0.010227087139407898,-15.261304223528308,SELL
2025-02-24,4478.752694111901,4535.2255735694225,4473.3274979841235,4521.771383119847,2429626,4472.236838863171,4627.669585694557,0,42.20277031773356,0.016601287836582435,-8.985488525732062,SELL
2025-02-25,4603.322104425208,4615.712815114346,4522.471270788984,4589.967841225146,3908926,4483.657448457482,4619.517140998815,0,46.596420988493996,0.015081801428502573,-3.087234349863002,SELL
2025-02-26,4507.785562388234,4589.132836484772,4480.736169992621,4537.085088824292,2741093,4492.42697070797,4612.201848478228,0,43.43480801580565,-0.011521377541228839,3.5694504493208483,SELL
2025-02-27,4560.431136797578,4548.911616849464,4431.251327641591,4520.608321959493,3558231,4491.98498186215,4603.281768680097,0,43.422079094723166,-0.003631575459182912,4.199179902548267,SELL
2025-02-28,4588.958673462684,4611.220431130601,4493.089188716142,4547.672305100121,3465604,4491.455977928994,4596.5371009118335,0,52.110128259320675,0.005986801158853083,7.909760496916695,SELL
2025-03-01,4657.653368042197,4701.574468300481,4602.340209417333,4619.325494948366,3018163,4509.5314248945015,4592.714412552544,0,60.44353793614998,0.0157560142950246,15.012408359986587,SELL
2025-03-02,4578.909551136497,4596.116733513685,4571.256347103978,4590.831140781032,1106081,4522.148235634484,4589.203285176282,0,60.25746366593094,-0.0061685097095873775,18.46144577926919,SELL
2025-03-03,4538.23454523868,4702.311745401478,4572.664316795846,4582.644345163689,4080389,4536.073710053743,4580.847948669525,0,54.631493400749314,-0.0017832926906456992,19.904749635829962,SELL
2025-03-04,4550.381442386551,4565.279696115671,4475.8424526233075,4511.7322687836295,2661909,4546.95682065423,4570.000332981045,0,46.899909442859794,-0.015474051887726437,17.953961784106838,SELL
2025-03-05,4429.562080258609,4461.261443673655,4409.435621668791,4435.933487086266,3656138,4545.757167699188,4559.005283483843,0,49.78946492325006,-0.016800372269828667,7.748076987404035,SELL
2025-03-06,4536.772131637727,4537.042607613861,4457.023577068148,4494.821529091889,1110078,4543.062182296392,4547.84007899421,0,52.28755830224191,0.01327523105949524,-4.909528141715027,SELL
2025-03-07,4634.365229133559,4609.765281374541,4572.797316757195,4591.788333097769,2915631,4543.244231483654,4542.670322050846,1,60.09681867533941,0.021573004262412043,-9.286888007402473,BUY
2025-03-08,4623.836603290378,4592.043236372613,4555.8076374855345,4591.420307637957,3119823,4548.677753365021,4536.832989658471,1,63.56724766131899,-8.014861163341269e-05,-3.502054035107706,BUY
2025-03-09,4646.540244599568,4698.735689115693,4629.3880823731215,4665.721127540774,2466976,4563.189033923149,4537.920439170753,1,65.04019487497871,0.01618253501628142,-1.284877573679067,BUY
2025-03-10,4685.0015909771955,4760.829017757337,4604.118436668648,4695.792736004826,2404104,4578.00107701362,4542.905170741124,1,62.79078850042478,0.00644522200149189,3.2280110452360358,BUY
2025-03-11,4687.916955426404,4656.875774173593,4636.543425941574,4655.224554323033,3008187,4581.5909829510865,4545.937412097505,1,54.999501628485646,-0.008639261560830391,9.426491661489322,BUY
2025-03-12,4668.05643081238,4690.938683612241,4666.875038482656,4685.211613765715,2659066,4591.029030249554,4548.120664400962,1,61.7609927012711,0.0064415924715885975,16.393642528561628,BUY
2025-03-13,4767.631032748396,4806.291082435572,4778.021611657831,4799.3554686206135,3148815,4612.700142595248,4553.557902416313,1,69.16041903022852,0.02436258258208235,22.66168745862853,BUY
2025-03-14,4807.030921076099,4871.295628504627,4765.11355286993,4801.576209266573,4161436,4641.684536643542,4559.182668639956,1,68.0699003214447,0.0004627164335875289,33.465968727689216,BUY
2025-03-15,4963.440576500422,5016.594019130129,4881.038729002878,4920.518424456963,1311955,4690.143030380612,4569.3142754768605,1,70.08356249733961,0.02477149377757315,37.03710804959333,HOLD
2025-03-16,4754.210515130703,4776.465878474516,4640.16233689341,4735.643968644734,4279611,4714.225274335896,4576.508098498486,1,57.98985433988167,-0.03757214989650848,38.529492565900675,BUY
2025-03-17,4805.910426953113,4851.079968892499,4760.194304438927,4799.185695646849,4464122,4734.965010590804,4587.28889684398,1,61.259612373173724,0.013417758476530928,27.98992850651368,BUY
2025-03-18,4771.510225736129,4816.50292734251,4801.269920528781,4810.263973731865,3209699,4756.849377200195,4599.31803375773,1,66.55289760004649,0.0023083662078473566,24.4616705560845,BUY
2025-03-19,4804.55466141666,4859.523983598579,4740.842051451012,4793.528852228714,1910681,4769.630149668988,4608.2680551514295,1,71.21756910488104,-0.0034790443091147205,18.999239863891944,HOLD
2025-03-20,4852.0273222070655,4855.469063143483,4763.19861607065,4804.933796081747,2607618,4780.544255676681,4616.667103539764,1,69.49891669205695,0.0023792375522533327,14.92472185785004,BUY
2025-03-21,4634.857146204806,4678.2719741704805,4620.120685778767,4668.462229820343,4896830,4781.868023226411,4624.330143690666,1,54.59285413446383,-0.02840238222901037,11.927881054268399,BUY
2025-03-22,4659.467531714858,4717.736682921097,4585.078161286563,4657.760029272253,4907730,4779.122864777066,4630.766710220369,1,53.925228623596276,-0.0022924466390086273,-2.540330749350687,BUY
2025-03-23,4722.840703809594,4721.238714851526,4591.77376800279,4687.46226313389,1142483,4767.933544228393,4638.902465625794,1,51.35806692962516,0.006376935195237632,-15.753618323017921,BUY
2025-03-24,4820.432078749182,4805.448358158887,4781.601026194552,4797.331142985068,3755423,4767.509037600243,4652.050131632672,1,55.767645115379885,0.023438883063716442,-19.404447247318185,BUY
2025-03-25,4783.718965445375,4844.133963263189,4755.597838604139,4764.943587611098,3033350,4751.9515539156555,4662.617250665151,1,56.29079011612536,-0.006751161095337133,-15.558097524711858,BUY
2025-03-26,4731.299014455375,4808.951227114592,4677.235672467128,4712.216039489268,3311987,4749.60876100011,4668.965405877466,1,51.50896210649494,-0.011065723476542777,-5.497405370035452,BUY
2025-03-27,4668.406558828921,4684.394086704316,4562.304503587019,4681.562578196022,1401896,4737.8464492550265,4672.018563776495,1,42.740582774990486,-0.006505105249072773,-8.75196941741495,BUY
2025-03-28,4731.424229081888,4755.412261886892,4721.824988350552,4751.03728596241,3182048,4731.923780478081,4679.150303681099,1,47.123779721954264,0.014840068162275788,-9.15845041209765,BUY
2025-03-29,4808.871290665203,4815.700946959144,4681.264671192253,4779.300690982371,1477095,4730.500964353447,4687.773382648529,1,41.038188370180876,0.005948891435448855,-3.611115262936112,BUY
2025-03-30,4775.654090132968,4770.524365731861,4714.418415815163,4746.2167821689345,1071295,4724.629262962166,4694.3915318841555,1,50.83107119161482,-0.0069223325654858,3.080084638855199,BUY
2025-03-31,4822.832805510592,4856.192884307427,4708.532118268759,4787.684278138476,1743974,4736.551467793979,4700.003491323825,1,49.06343498263364,0.008736957849319271,8.899499847041053,BUY
2025-04-01,4839.124679580442,4800.570968348998,4726.190505949128,4799.458065521091,1887121,4750.721271418863,4706.957722148494,1,49.12106616118154,0.0024591820802337683,8.594395435081928,BUY
2025-04-02,4875.6796281349,4945.213385919173,4842.104883054573,4874.573840919284,4418983,4769.432429197403,4716.688705340348,1,56.02030109762737,0.015650886906965145,6.772901833900297,BUY
2025-04-03,4828.482385578672,4840.927064839696,4803.2101105076745,4828.335961975328,4445376,4772.5329110964285,4727.242161780071,1,51.6528578050426,-0.009485522314959027,9.311229314925132,BUY
2025-04-04,4838.163143145437,4874.589318719492,4798.364972580964,4809.470307026042,4802890,4776.985583037922,4739.693389111397,1,61.94326838947821,-0.003907278842619766,14.384063537141078,BUY
2025-04-05,4800.4041977350935,4797.00761862531,4690.852815175822,4786.0495018113215,2056731,4784.368929270127,4749.400988202045,1,60.63684112902218,-0.004869726543587527,15.892875688825363,BUY
2025-04-06,4705.743620687223,4692.112540163947,4622.235929584316,4686.812004988394,4612600,4784.893871949365,4752.568443931732,1,49.951659302225735,-0.020734740997846002,12.069301688373097,BUY
2025-04-07,4740.264026019407,4826.063964435864,4709.25958704162,4712.38623991305,1825816,4781.028767344429,4756.600641674235,1,42.78027754615094,0.005456637667019093,-0.10574182890449714,BUY
2025-04-08,4772.546809625513,4809.731584602924,4728.140911343325,4735.608556946193,1374705,4776.659553940812,4758.930222654415,1,47.4672686335492,0.004927931593648571,-6.317809308803407,BUY
2025-04-09,4725.349781331106,4801.9622544818885,4682.358015330628,4740.710141388466,4717270,4776.108889862765,4760.427469500536,1,52.680574152035284,0.0010772817011637237,-8.910480421329085,BUY
2025-04-10,4717.01740589368,4731.301199114394,4636.840647094165,4728.784233331959,2856926,4770.218885382113,4762.879458800834,1,54.60461017734222,-0.002515637467979448,-12.900875587763974,BUY
